Bathroom,Kitchen,Laundry,Gardening,Total
134.4,49.2,72.3,40.6,296.4
129.5,114.9,77.0,43.6,366.9
108.8,47.9,66.6,110.2,328.7
55.9,101.6,49.8,195.8,408.9
115.4,60.0,63.2,22.1,266.5
69.0,103.4,42.5,66.5,284.6
78.1,61.3,61.3,520.0,720.7
36.2,68.2,42.0,127.2,271.2
145.0,69.8,75.1,110.8,392.8
130.1,107.0,81.3,51.1,366.3
149.6,70.7,25.1,52.3,302.2
189.9,37.6,119.6,49.5,400.3
187.8,79.1,60.0,70.4,406.5
193.3,71.3,10.3,68.2,345.9
35.7,43.6,77.8,67.7,224.2
117.9,57.6,55.3,67.4,299.4
124.6,68.0,48.4,146.1,388.8
171.5,61.8,46.3,85.9,365.2
90.1,94.3,74.4,89.2,343.2
69.3,47.0,50.1,30.5,203.0
88.9,41.6,61.5,150.7,354.5
166.8,55.0,45.4,131.3,390.9
109.2,56.9,32.5,132.4,327.0
87.6,47.6,76.3,113.0,321.2
111.2,77.3,35.3,81.9,302.1
170.9,105.4,39.3,0.0,320.5
116.6,65.1,50.3,44.8,272.5
127.7,67.2,61.5,0.0,271.9
97.1,104.6,26.7,69.4,311.4
83.9,99.5,109.9,94.6,388.5
95.6,80.6,88.9,84.8,350.9
104.5,64.6,62.1,103.3,339.9
126.2,46.8,68.6,85.8,336.6
58.5,79.6,75.7,0.0,216.1
149.2,51.5,65.0,77.5,354.7
88.4,34.3,68.3,101.8,287.2
84.2,68.1,43.3,30.8,225.0
58.5,105.1,29.4,166.2,353.4
108.4,80.9,85.7,46.5,317.7
147.7,72.0,37.7,102.3,723.8
144.7,90.4,49.2,147.6,436.2
146.0,40.1,88.1,53.6,328.2
128.5,99.7,47.6,51.0,331.7
135.4,57.6,16.1,88.9,291.1
169.1,66.3,84.8,0.0,316.2
108.5,101.8,67.3,114.7,399.4
81.1,65.6,27.9,82.4,260.1
126.2,91.0,35.7,115.3,373.9
120.2,58.3,44.0,55.4,272.9
131.5,39.3,34.0,,349.1
87.8,55.7,51.8,52.3,249.5
88.7,67.5,101.0,97.6,349.9
150.0,59.5,74.3,63.3,702.4
,62.3,66.9,48.9,265.3
68.5,75.6,69.1,19.2,231.3
109.8,20.0,67.2,51.7,256.4
68.3,52.8,61.2,52.1,228.1
142.3,79.0,66.8,185.2,465.5
158.7,98.9,66.2,0.0,324.2
101.1,71.2,29.9,204.5,396.2
128.2,82.3,66.6,130.5,409.0
104.3,56.3,55.3,91.7,314.7
142.5,77.6,49.2,91.3,361.9
131.7,72.4,76.5,128.8,407.3
110.7,76.8,89.9,66.8,344.8
108.3,79.9,112.2,46.2,347.1
68.5,75.6,69.1,19.2,231.3
110.7,41.2,44.1,157.5,349.2
167.6,40.1,25.6,130.8,353.3
90.4,78.2,21.3,91.1,281.8
127.8,74.9,27.0,135.6,367.1
116.4,35.9,63.9,101.1,305.8
157.4,55.8,29.7,90.1,339.5
114.3,70.8,29.0,179.6,399.9
177.8,67.0,39.9,18.8,307.1
107.0,52.8,34.7,43.8,239.1
172.9,70.1,72.2,84.4,392.6
129.7,63.9,38.3,170.5,399.0
128.2,97.4,46.2,107.0,371.6
141.3,87.3,93.4,136.7,467.0
142.2,81.0,79.3,41.2,345.1
88.3,66.0,38.8,31.6,232.0
128.3,84.0,77.7,102.9,403.2
107.8,37.7,41.6,70.6,255.0
157.7,73.0,68.5,94.9,393.8
130.0,43.9,92.4,102.0,376.6
88.9,27.8,64.2,30.5,211.6
124.8,77.1,70.0,0.0,275.9
160.4,88.8,39.5,94.4,397.9
108.1,81.2,87.1,86.6,365.2
144.2,77.0,60.5,0.0,281.9
83.8,64.0,72.4,91.0,310.5
91.3,82.7,79.0,69.4,332.4
30.0,48.1,65.2,96.6,237.4
122.3,41.5,55.9,92.3,301.8
152.5,47.8,62.5,28.1,296.8
191.2,58.8,47.6,88.9,371.3
30.2,70.8,36.4,116.8,252.0
146.2,36.9,61.7,160.0,401.7
76.4,21.0,37.3,134.4,270.3
77.1,65.9,36.1,45.5,233.1
80.9,57.1,86.2,101.5,319.2
130.4,75.5,45.6,78.3,327.9
149.6,79.0,44.1,112.9,383.3
180.6,48.5,62.9,89.5,380.8
142.1,66.5,93.4,90.4,390.0
135.4,77.9,72.1,102.3,391.9
125.7,52.0,77.5,143.6,397.8
117.7,78.3,56.3,56.4,307.6
108.9,79.0,40.7,80.0,306.4
119.8,90.5,72.7,56.1,327.6
110.4,52.6,77.0,72.4,318.4
135.8,97.6,28.3,78.5,346.6
50.3,89.5,21.8,57.2,213.6
184.3,87.0,93.4,102.4,464.0
175.3,48.1,72.2,0.0,290.7
141.6,63.8,67.2,106.0,377.1
122.3,98.7,44.3,82.8,348.8
96.7,111.1,97.0,119.6,418.5
135.9,46.6,67.3,87.1,332.7
76.2,84.7,44.5,34.9,246.7
132.3,61.9,30.1,78.5,301.2
132.7,84.0,6.9,17.3,244.3
133.7,90.9,83.7,92.5,415.8
118.0,72.2,45.9,-100.6,336.8
210.9,98.7,53.8,0.0,365.8
135.9,73.6,48.3,60.8,314.6
131.5,89.5,71.1,43.7,342.4
123.2,32.8,64.0,20.0,236.6
134.5,90.0,42.4,22.6,292.5
128.1,38.7,55.5,52.3,274.8
111.1,70.3,74.8,116.5,371.9
126.9,49.6,71.7,80.6,325.6
-129.2,69.4,97.5,38.8,337.7
166.5,67.9,55.2,31.5,324.5
101.9,71.5,73.6,128.1,367.4
152.9,57.4,57.7,61.6,325.5
80.0,126.2,68.0,164.9,435.9
47.8,62.9,54.8,48.8,221.2
129.2,67.7,31.5,74.8,303.0
121.1,75.1,25.5,109.6,327.7
107.1,62.8,52.8,114.5,330.9
221.7,55.9,53.3,84.6,417.1
96.5,47.0,76.5,91.2,305.5
133.5,30.8,56.4,22.1,245.1
149.5,82.3,59.7,25.3,315.8
89.8,70.0,77.8,110.5,352.5
68.8,77.9,54.0,138.9,340.1
166.5,64.5,20.9,75.6,332.2
80.3,,91.9,54.7,299.8
181.9,92.7,70.3,33.9,376.5
108.1,74.5,24.5,0.0,193.7
143.2,90.6,79.6,113.7,434.2
122.5,79.8,65.2,201.7,464.2
83.1,111.2,71.0,57.0,
123.2,78.7,48.2,129.7,384.3
125.5,52.1,57.6,170.0,408.3
89.3,63.6,59.8,133.5,351.1
154.4,87.1,48.8,25.9,321.3
65.0,66.6,86.4,179.3,391.8
97.1,86.1,60.2,39.4,290.0
98.8,70.0,83.9,33.0,285.0
101.3,89.7,21.2,78.2,293.8
105.8,47.7,24.8,30.9,205.2
176.6,75.8,90.0,47.6,396.1
171.2,75.7,66.4,53.8,366.7
95.6,47.2,60.6,101.4,314.9
78.8,63.7,84.4,7.6,235.8
143.3,76.3,63.7,126.1,414.3
194.5,84.8,21.9,67.8,376.9
114.8,78.2,56.8,46.5,301.5
122.4,42.5,54.8,126.5,341.3
145.6,107.6,83.7,88.7,423.4
104.0,78.9,67.6,63.2,307.6
112.8,92.1,60.6,101.6,370.5
132.9,84.3,20.2,109.9,342.8
99.3,76.7,20.8,,240.7
114.6,75.5,81.4,106.2,373.0
124.6,51.6,51.7,120.9,336.1
115.3,31.3,99.3,52.9,297.7
128.1,73.4,48.3,12.6,266.9
101.0,84.0,101.9,57.8,344.9
94.8,82.0,63.1,0.0,246.0
150.2,67.1,89.2,47.9,
127.1,88.5,76.1,46.8,343.3
,92.6,35.2,57.9,350.1
90.7,77.3,25.0,110.1,312.6
122.4,62.2,25.7,109.8,324.9
135.6,61.5,78.1,104.4,379.7
96.3,60.0,59.1,138.1,350.9
114.0,61.8,74.1,96.3,348.1
69.1,38.0,66.5,0.0,175.5
105.5,88.6,110.8,0.0,302.0
145.9,52.8,56.8,146.6,392.5
117.0,84.0,84.2,26.7,299.0
103.5,75.8,42.2,115.0,337.3
108.3,65.5,13.6,143.0,332.9
91.5,,61.9,98.7,284.0
161.0,72.4,54.8,43.6,321.4
77.2,100.6,23.5,0.0,205.2
55.9,79.7,59.6,151.2,340.5
134.0,51.7,34.5,59.8,276.7
151.3,82.3,49.1,39.9,314.3
149.4,65.6,0.0,58.9,279.3
152.5,59.4,66.2,38.4,319.6
132.5,99.2,81.3,26.3,343.4
131.0,47.4,40.9,109.7,328.7
101.8,45.4,52.8,60.1,252.9
127.8,35.4,20.2,29.7,210.4
65.4,99.7,47.2,117.2,326.6
152.7,94.5,69.0,121.7,430.8
96.2,70.6,88.4,520.0,775.2
105.2,109.2,52.8,27.8,290.4
222.0,25.1,55.3,43.9,350.1
136.8,74.5,69.9,98.3,386.9
194.5,72.6,56.8,17.9,350.6
128.2,60.3,44.0,95.0,331.3
126.4,70.9,87.5,88.9,374.2
78.4,85.3,25.0,34.2,220.8
204.7,42.9,50.0,167.1,471.6
39.1,87.4,29.5,112.7,277.6
79.0,65.4,13.0,99.0,267.4
71.8,71.2,36.4,61.8,244.4
44.8,63.5,50.3,59.2,215.8
58.9,89.0,72.4,97.4,316.4
113.4,50.9,27.6,135.3,326.2
106.2,91.2,56.0,75.9,331.0
64.6,77.7,72.1,63.6,277.0
169.3,48.3,52.9,50.0,329.0
101.5,45.7,100.4,0.0,244.0
85.4,93.8,69.4,84.3,335.2
151.4,77.0,73.3,180.5,476.2
71.6,69.9,68.3,178.4,378.2
126.6,68.3,84.6,64.0,344.3
72.1,48.4,67.4,43.7,233.4
103.0,111.0,67.8,50.6,319.8
91.1,23.6,92.5,71.4,286.2
113.3,52.7,0.0,82.0,255.7
94.5,54.9,65.2,85.1,306.6
92.7,42.0,48.2,111.4,297.4
75.2,,19.3,40.1,240.2
127.1,79.5,47.3,72.1,335.6
127.7,24.4,59.5,0.0,210.3
90.1,80.8,66.5,123.2,357.5
171.9,42.7,46.0,136.1,392.6
149.3,76.8,51.6,47.0,331.6
115.4,45.2,48.9,33.4,241.9
136.3,86.8,56.4,91.8,374.5
140.3,71.2,87.0,92.5,397.9
68.2,82.3,85.9,44.3,274.4
165.5,65.1,14.1,128.2,374.4
134.5,94.0,57.7,97.7,373.3
130.7,87.7,78.5,65.1,365.8
120.8,83.7,68.3,126.1,407.5
153.9,63.5,49.4,17.1,272.4
113.3,65.3,102.3,80.5,357.6
143.8,73.3,56.2,62.7,340.6
113.7,59.1,31.1,71.5,273.8
59.5,82.9,52.4,99.6,292.6
174.8,28.1,60.8,125.0,386.8
90.7,76.3,61.0,45.4,275.3
188.3,72.2,71.8,110.4,450.9
97.1,106.0,78.5,62.5,340.2
105.0,117.7,46.8,112.8,370.2
82.0,27.7,90.8,76.9,278.7
114.4,70.2,54.4,82.5,311.6
87.1,64.7,59.3,10.1,226.5
78.8,32.4,17.4,114.8,236.8
138.2,70.1,53.1,128.6,384.9
124.5,85.3,44.3,101.5,357.3
148.1,26.4,8.4,86.8,280.8
150.7,57.7,33.7,101.8,347.6
113.7,45.0,92.5,104.5,368.7
180.5,77.8,47.5,91.5,402.5
129.2,94.9,79.3,75.7,
130.7,80.3,30.9,78.2,317.4
61.1,36.2,82.0,109.5,281.2
143.4,92.7,47.2,67.0,359.7
151.5,50.3,36.9,193.9,432.8
135.0,83.5,55.5,66.3,340.8
94.0,64.9,34.4,206.6,388.9
161.2,55.0,61.5,97.6,374.9
181.0,81.1,79.7,121.0,462.4
90.6,47.7,72.6,68.4,280.9
120.0,69.1,21.1,71.2,277.4
73.7,23.6,25.3,10.2,264.2
108.0,54.8,27.2,102.2,288.1
97.6,76.4,46.2,48.9,269.6
95.3,86.5,36.5,43.4,257.9
171.7,15.0,68.7,85.7,
150.8,49.3,79.5,0.0,274.2
146.3,58.6,55.9,83.0,344.8
110.0,65.4,63.0,108.4,340.4
138.6,61.8,76.0,520.0,796.4
166.2,72.0,74.3,122.4,439.3
135.0,70.2,21.5,44.6,274.1
114.3,98.5,0.0,124.8,336.4
136.8,60.8,104.1,9.7,319.7
133.4,72.6,63.1,37.5,296.9
83.0,67.8,34.8,108.5,299.4
109.7,54.0,6.4,520.0,690.1
110.0,85.9,29.6,134.1,359.0
91.1,81.6,73.6,146.5,398.8
61.4,49.7,31.6,0.1,140.1
109.2,66.7,55.2,6.8,236.2
116.7,70.7,67.9,109.7,364.5
167.4,82.4,43.3,13.1,311.3
75.3,70.2,59.5,19.7,224.2
117.0,65.2,57.5,82.5,308.8
105.0,79.4,40.2,40.4,265.6
94.6,82.7,80.2,51.2,308.9
64.0,77.5,57.4,1.7,202.8
105.6,106.0,53.0,81.4,345.5
90.8,99.1,35.8,44.7,274.2
111.6,49.6,86.2,14.0,251.1
154.6,97.3,53.1,89.7,400.9
128.1,68.8,41.2,92.3,328.4
62.2,85.0,53.4,93.9,308.8
89.7,94.3,98.3,97.7,368.9
140.7,15.0,42.3,122.1,317.3
114.5,44.4,87.4,60.6,296.1
96.8,82.5,12.2,144.0,330.3
88.9,70.1,29.3,136.6,326.2
61.0,104.4,51.5,146.6,373.2
208.1,70.6,78.1,105.4,470.4
139.2,61.8,39.8,40.3,293.2
128.5,98.8,55.4,44.5,323.0
114.7,102.3,51.4,56.5,320.7
67.4,80.4,8.8,60.4,213.9
116.6,84.5,59.7,0.0,258.0
132.7,78.3,92.2,76.1,393.1
99.2,78.2,76.8,83.9,342.1
106.6,59.6,77.5,84.6,328.1
105.2,89.0,51.3,28.8,279.0
66.3,72.1,46.3,2.8,180.8
109.7,48.6,64.9,107.4,333.7
150.5,82.3,50.9,81.5,363.0
173.8,75.0,62.1,67.0,383.7
185.7,67.6,80.3,0.0,342.4
74.6,77.6,51.6,60.5,256.0
84.5,102.9,34.4,94.6,313.7
146.6,85.3,67.1,71.9,374.2
89.9,44.3,29.7,59.2,231.3
99.3,101.2,39.6,57.8,292.0
149.0,89.7,23.0,102.0,362.9
57.9,48.8,50.3,106.5,261.5
161.7,67.9,51.4,0.0,270.4
158.0,58.1,48.2,100.1,359.5
163.7,73.0,64.6,48.5,349.1
142.8,80.5,94.1,39.5,356.1
131.0,66.9,112.5,0.0,301.6
158.1,71.0,124.1,80.5,425.0
82.8,106.7,32.6,35.3,261.4
149.3,86.1,74.5,27.7,327.9
107.7,59.3,71.5,110.3,355.7
107.5,62.7,84.9,90.5,344.9
142.3,95.8,80.1,83.8,385.6
39.8,74.2,54.3,75.7,238.9
108.3,69.6,62.1,31.2,263.4
165.5,44.5,59.1,32.9,284.7
102.5,82.8,51.0,67.1,312.0
147.2,74.7,49.2,0.0,280.6
89.3,108.1,45.4,121.5,367.8
86.4,74.8,10.5,122.0,290.0
77.3,45.1,74.3,30.0,225.6
103.8,79.6,74.6,110.5,376.5
180.2,70.7,95.0,106.1,463.6
108.3,74.3,71.3,108.2,354.1
99.2,49.3,45.1,104.8,299.8
100.0,79.6,47.2,41.9,259.0
132.7,78.3,92.2,76.1,393.1
90.2,83.1,56.9,123.7,351.5
103.1,59.9,87.7,79.5,327.9
86.7,51.8,38.1,81.5,267.2
51.7,57.3,45.7,84.2,233.6
131.7,62.7,42.9,35.1,272.3
107.5,49.4,73.5,107.1,343.6
144.6,67.8,68.3,87.8,375.1
63.9,74.6,72.1,0.0,213.6
85.5,70.6,51.3,208.6,411.0
121.1,76.2,104.2,44.1,345.4
103.8,79.6,74.6,110.5,376.5
100.6,71.7,70.1,97.1,330.9
132.0,60.2,71.2,24.9,276.9
117.2,25.0,13.2,0.0,150.8
78.5,78.9,54.4,53.6,274.4
132.2,65.9,88.0,76.2,370.9
83.6,58.4,49.3,99.9,297.1
90.6,47.7,72.6,68.4,280.9
201.5,49.2,32.2,82.3,381.0
100.4,96.1,82.5,138.1,409.9
115.9,83.4,71.2,59.5,340.3
91.2,55.2,63.6,3.1,447.0
152.6,71.7,35.2,90.7,351.4
103.9,68.8,44.7,115.5,325.4
146.3,95.5,69.2,66.3,379.0
69.4,54.4,78.6,53.8,269.4
114.4,119.1,,130.4,405.6
114.6,57.6,77.2,109.0,355.8
71.9,83.3,67.9,30.8,256.6
170.2,67.0,37.4,80.6,360.5
81.1,48.1,77.1,126.0,323.5
73.6,58.4,109.1,160.0,406.0
112.2,66.2,65.9,138.2,383.5
126.5,38.1,69.9,120.9,344.0
121.8,61.4,29.8,58.9,270.5
68.1,45.3,66.3,,291.5
45.4,49.6,69.7,24.7,187.4
165.8,39.4,56.6,90.5,348.4
103.5,105.9,56.2,35.0,295.9
47.4,92.6,99.6,71.2,329.2
83.6,93.8,33.2,101.8,306.8
132.9,35.5,25.5,77.1,273.4
126.9,55.4,84.9,72.0,345.1
109.9,16.5,76.4,58.5,261.1
67.7,94.8,64.5,66.2,298.1
81.6,133.6,111.2,109.7,445.9
166.8,74.9,81.9,50.3,379.5
137.0,60.4,65.5,92.0,354.3
79.0,89.4,46.9,29.5,259.1
118.1,105.7,102.1,89.7,417.9
106.2,82.7,28.7,107.2,318.9
150.8,49.3,79.5,0.0,274.2
127.7,68.4,0.0,54.8,256.7
77.4,81.8,38.9,64.2,259.9
125.0,86.7,46.3,32.1,284.6
130.4,56.5,67.1,119.2,376.1
110.0,49.1,45.1,41.0,245.3
90.4,78.2,21.3,91.1,281.8
93.6,70.0,97.6,86.8,351.2
108.3,69.6,62.1,31.2,263.4
97.6,47.2,57.3,119.0,327.6
162.2,62.4,24.0,62.1,310.8
113.5,61.2,59.0,0.0,222.6
95.9,62.8,48.4,98.2,316.3
135.1,39.1,65.5,182.5,423.0
65.2,66.7,48.6,57.9,233.9
125.3,58.8,59.5,108.3,345.8
120.4,64.3,60.6,41.7,292.8
85.1,50.7,45.4,100.4,268.5
64.4,60.9,57.7,86.2,264.5
195.0,102.2,47.9,113.6,449.6
111.2,53.3,46.4,88.8,292.1
148.7,61.7,87.8,84.1,387.6
123.2,76.8,-72.7,84.2,347.7
180.5,88.2,57.7,132.2,466.2
113.3,18.7,73.1,90.6,295.8
120.4,100.0,59.5,89.0,374.0
148.5,46.8,52.0,31.6,279.5
122.5,65.8,72.4,133.6,395.1
132.1,71.6,62.8,96.5,374.6
116.6,65.1,50.3,44.8,272.5
101.5,63.3,84.7,93.3,339.2
142.5,89.9,73.3,93.7,406.8
176.4,67.2,82.3,78.0,412.2
133.5,58.9,89.2,76.0,360.2
86.3,68.5,44.6,59.5,262.3
87.3,91.0,54.5,107.9,347.9
147.4,63.6,32.1,105.0,349.2
117.5,46.3,34.1,150.6,340.9
92.2,82.6,24.3,80.8,280.5
99.3,76.7,20.8,,240.7
125.5,78.4,95.6,161.4,462.3
106.6,80.2,48.1,90.4,328.1
109.3,72.2,73.8,0.0,249.2
103.5,81.7,44.0,101.4,328.2
118.3,99.0,89.1,68.3,360.7
183.7,64.9,66.0,5.3,319.6
115.8,71.2,66.4,150.9,411.9
149.0,62.5,64.3,99.7,364.0
106.8,78.5,62.0,0.0,241.6
147.2,70.3,57.5,106.2,377.7
155.1,76.2,41.3,87.2,355.7
77.1,97.0,24.7,156.3,356.2
171.2,77.8,70.2,123.4,446.9
135.4,41.9,8.4,74.5,260.3
106.4,79.0,18.7,2.6,213.5
135.2,76.7,110.6,57.8,382.0
106.8,92.3,61.2,55.0,318.6
135.6,97.2,78.2,,381.1
117.6,31.8,61.6,69.3,280.0
159.5,64.3,42.6,84.0,344.6
192.7,118.9,51.5,0.0,364.6
79.5,87.1,62.1,115.6,353.6
129.4,32.8,48.4,0.0,215.3
123.5,47.0,74.1,141.6,386.1
143.3,,79.2,8.9,293.9
132.2,66.1,58.0,98.7,343.9
123.2,76.9,55.5,99.5,354.6
131.8,53.1,86.0,59.7,327.3
109.6,93.2,64.6,68.3,336.1
157.3,62.6,80.2,40.8,330.4
121.9,58.3,28.6,103.9,312.5
125.6,99.4,25.5,26.8,286.8
126.3,92.6,47.7,126.2,403.4
131.0,85.6,70.3,78.5,360.1
108.8,47.9,66.6,110.2,328.7
159.0,50.9,56.1,77.5,348.2
166.8,54.8,30.4,102.7,349.9
172.3,73.5,59.2,127.0,428.4
176.1,41.7,11.3,107.1,339.0
81.3,34.3,18.8,84.0,208.7
94.7,75.6,62.4,64.6,301.5
160.2,70.7,55.8,117.6,412.8
140.5,63.2,50.2,126.1,372.8
136.1,96.3,43.9,81.7,354.9
75.4,85.7,93.8,119.2,371.3
86.0,79.0,83.0,98.9,342.6
126.6,62.7,121.8,115.5,426.4
131.1,49.8,84.8,16.7,291.0
139.5,89.3,46.4,108.0,387.6
125.4,43.2,31.7,520.0,720.3
86.2,95.0,51.7,87.4,322.5
107.3,52.1,58.0,39.4,252.4
118.6,103.6,81.1,115.8,422.0
116.0,66.2,60.6,89.9,326.8
68.7,68.1,91.7,45.6,268.3
107.3,95.0,15.7,59.4,278.8
111.7,50.4,81.2,14.9,252.0
150.0,74.5,67.5,66.5,357.0
162.8,75.4,69.0,135.0,451.5
130.9,68.2,22.9,118.1,338.7
140.4,71.4,103.9,520.0,835.7
128.7,90.2,59.8,111.8,400.2
135.2,54.1,65.7,80.6,671.6
112.2,60.4,55.2,80.7,304.3
159.5,78.9,44.3,79.7,353.7
189.9,42.5,86.7,52.4,368.7
109.6,64.6,9.9,92.6,288.0
125.6,77.9,63.9,89.8,351.4
93.3,69.8,106.1,78.4,357.0
157.2,96.4,81.7,22.5,349.9
128.0,70.6,39.9,13.8,251.4
138.8,62.0,109.0,78.7,388.5
135.1,21.7,72.5,69.8,310.0
165.7,69.0,87.0,87.7,403.4
119.1,78.9,62.8,104.8,360.3
114.4,83.8,43.0,36.4,278.9
148.4,51.5,56.7,71.8,
141.7,51.7,55.0,85.7,334.8
136.5,56.1,81.7,66.1,337.9
144.9,68.4,58.9,93.0,361.0
93.2,39.9,36.7,101.6,267.0
108.5,57.4,90.1,151.6,396.5
88.5,50.0,97.5,151.7,384.3
121.8,64.9,46.1,64.1,298.8
126.0,74.1,68.0,114.6,385.0
138.6,72.6,94.7,70.3,379.6
104.1,75.1,68.9,84.7,341.6
95.5,93.3,81.6,63.0,
102.1,61.9,33.9,29.7,221.5
105.8,121.0,35.3,82.6,350.8
97.1,52.1,58.2,113.2,327.8
139.4,50.0,28.0,95.1,309.9
128.0,72.4,65.2,80.6,344.8
50.2,85.1,55.2,107.5,299.7
117.6,63.3,67.1,50.8,303.3
70.6,60.3,50.0,104.7,282.9
82.5,82.7,38.4,56.7,261.8
133.5,73.7,43.0,109.3,352.4
155.4,86.6,60.9,72.2,375.9
136.4,53.9,1.7,87.7,286.2
60.9,53.5,65.7,68.0,254.6
129.0,65.1,61.6,87.6,335.3
121.9,99.6,29.0,38.1,287.9
141.9,77.8,68.0,,436.4
138.3,76.6,80.7,58.9,354.3
158.7,87.9,56.4,68.7,373.7
133.4,78.8,44.7,132.5,395.2
123.8,79.3,86.2,175.5,473.7
132.8,70.2,25.4,131.4,362.3
180.3,55.1,45.2,97.6,373.2
115.6,69.3,39.3,107.2,328.2
84.5,73.2,100.9,152.2,417.0
74.9,77.3,66.4,35.3,252.9
175.1,32.2,55.8,82.5,344.1
115.1,80.3,43.9,39.1,290.5
112.8,50.5,5.4,27.8,202.0
111.7,63.8,52.2,84.3,320.3
183.7,66.7,50.7,78.7,376.3
92.5,70.1,62.4,118.0,338.5
135.2,69.7,34.0,44.9,280.2
74.4,80.8,45.2,0.0,190.5
91.5,72.0,37.3,62.9,263.5
145.8,68.9,76.6,74.1,368.3
152.1,66.0,50.8,23.1,281.9
157.4,59.2,57.4,8.8,279.4
139.0,84.0,38.0,80.5,344.9
155.0,50.0,42.0,138.6,382.3
49.9,61.8,82.6,102.8,294.3
111.4,75.6,92.3,96.5,375.6
98.6,106.0,67.2,46.2,316.0
103.6,85.8,30.8,32.1,253.0
128.7,30.0,71.1,0.0,229.9
136.6,,41.7,31.5,289.8
147.8,35.9,57.5,87.1,323.5
118.3,92.0,75.3,130.5,410.7
124.1,63.3,83.0,21.0,296.3
132.8,97.3,47.3,150.1,424.0
136.0,86.3,86.3,112.6,432.1
82.6,58.8,81.4,75.9,300.2
69.4,69.8,68.9,0.0,212.9
48.2,,47.2,-16.8,215.1
177.0,50.2,30.6,67.8,331.1
38.3,98.8,54.4,124.1,313.5
119.4,36.3,110.2,81.8,333.4
137.4,43.7,68.2,26.3,279.0
113.7,68.8,58.8,55.7,295.5
176.1,63.0,27.3,65.7,335.4
90.5,67.4,65.6,75.8,293.3
